sqft_living,floors,yr_built
3500,2.0,2005
1180,1.0,1909
1260,1.5,1931
1520,1.0,1956
1780,1.0,1976
3080,2.0,2006
3380,2.0,1994
2070,1.0,1974
1680,1.0,1969
2700,1.0,1988
1600,1.5,1946
2240,1.0,1968
770,1.0,1924
800,1.0,1908
2210,1.0,1974
3100,3.0,1978
1100,3.0,2014
1400,1.0,1957
1660,1.0,1963
2940,2.0,2014
3570,2.0,1990
2440,1.0,1989
1800,2.0,1995
1720,1.0,1981
2190,1.0,1956
2570,2.0,2001
1490,1.5,1932
2290,1.0,1960
3120,2.0,1977
2740,1.5,1947
1730,2.0,1959
4420,2.0,2000
1510,1.0,1984
1500,1.5,1983
1680,2.0,1987
2450,1.0,1962
3180,1.0,2006
1860,1.0,1953
1180,1.0,1970
2560,2.0,2012
1130,1.0,1942
3200,2.0,1989
2030,2.0,2003
2870,1.5,1905
1360,1.0,1960
2580,1.0,1986
2330,2.0,1964
3010,2.0,1996
1460,1.0,1975
1470,2.0,1907
1440,1.5,1922
1000,1.0,1950
1270,3.0,2006
1790,2.0,1979
1980,2.0,2009
890,1.0,1960
1010,1.0,1957
3190,2.0,1994
3190,1.0,1941
2450,2.0,1988
1850,1.0,1956
2550,2.0,1990
3820,2.0,2000
1890,1.0,1962
1870,1.0,1961
2340,2.0,2002
1310,1.0,1995
2870,1.5,1907
1680,1.0,1959
2330,1.0,1968
1470,1.0,1967
2620,2.5,1974
1150,1.0,1943
1430,1.0,1962
1540,1.0,1947
2520,2.0,1987
1560,1.0,1964
2770,2.0,1982
2876,2.0,2007
3950,1.0,1955
1340,2.0,1989
3450,2.0,2000
2460,1.0,1992
1920,1.0,1959
1100,1.0,1952
2920,1.0,1954
2160,2.0,1981
2200,2.0,1987
1020,1.5,1922
3070,2.0,2005
2560,2.0,2001
2100,1.0,1983
1850,2.0,1990
2150,1.0,1976
2250,2.0,1967
3900,1.0,1972
3450,1.5,1964
1930,1.0,1953
1470,1.0,1967
3000,1.0,1969
1810,2.0,1981
1860,1.0,1975
3160,2.0,2005
1340,1.0,1915
1150,1.0,1959
3040,2.0,1980
2470,2.0,2001
1300,1.0,1962
1880,2.0,1978
2970,2.0,1983
910,1.0,1973
1200,1.0,1950
1280,1.0,1908
2160,1.5,2000
1320,3.0,1995
2880,1.0,1982
1440,2.0,2003
2930,1.0,1951
1870,1.0,1949
1180,1.0,1952
6260,2.0,2007
2300,2.0,1905
1950,1.0,1957
1940,1.0,1976
1870,1.0,1954
2220,1.5,1925
1710,2.0,1982
1550,1.0,1988
2560,2.0,1995
1720,1.5,1909
2610,2.0,1988
1000,1.0,1962
1810,1.0,1958
1730,1.0,1955
2910,1.0,1985
2700,2.0,1992
2600,1.0,1984
3130,2.0,1978
1190,1.0,1986
1610,1.0,1970
1080,1.0,1981
2080,1.0,1964
1410,1.0,1980
3790,2.0,1993
2730,2.0,1986
2155,2.0,1996
2790,1.0,1959
2580,1.0,1901
1280,1.0,1954
2550,1.0,1964
2760,2.0,1991
3238,1.0,1979
2120,2.0,1981
1900,2.0,1993
1610,1.0,1989
3080,1.5,1950
2920,1.0,1975
2250,1.0,1963
1470,1.0,1916
1260,1.0,1941
2080,1.0,1909
2830,2.0,2000
2050,2.0,2006
1420,1.0,1984
1580,1.5,1926
2080,1.5,2004
1150,1.0,1955
1940,1.0,1910
1078,2.0,1990
1700,1.0,1955
3000,1.0,1949
1600,2.0,2005
1330,1.0,1968
1350,1.0,2005
2400,2.0,2004
3380,3.0,2008
1730,1.0,1997
2815,2.0,2012
1920,2.0,1989
3480,2.0,1983
2810,1.0,1979
2360,2.0,2003
960,1.0,1944
4040,2.0,1984
2560,2.0,2002
2620,2.0,2007
2700,2.0,1992
1660,1.0,1939
2040,2.0,2012
1275,1.0,1991
1550,1.5,1900
3960,2.0,1938
1450,2.0,1919
2680,1.0,1965
2170,1.5,1923
1010,1.0,1967
2440,2.0,1991
2470,2.0,1960
1992,1.5,1903
2520,1.0,1977
2110,2.0,1972
3080,1.0,1985
2190,2.0,1986
2160,1.5,1928
1900,1.0,1940
2360,2.0,1911
1920,1.0,1992
1650,1.0,1977
4600,2.0,1990
2420,2.0,2007
2040,1.0,1994
3260,1.0,1978
4220,2.0,2006
1870,1.0,1959
1610,2.0,1988
4350,1.0,2006
2170,2.0,2006
1650,1.0,1977
2320,2.0,1967
1950,2.0,1990
2580,1.5,1978
2547,2.0,2014
2170,2.0,2002
1850,1.0,1977
2820,1.0,1966
1400,2.0,2005
1730,1.0,1978
1960,1.0,1954
1680,2.0,1994
2550,1.0,1957
2440,2.0,1929
1880,1.0,1941
1400,1.0,1961
2260,2.0,1999
3680,2.0,1925
2110,1.0,1956
1300,1.0,1968
1120,1.0,1972
1700,1.0,1961
1320,2.0,2004
2380,1.0,1979
3050,2.0,2014
1350,1.0,2004
2070,1.0,1969
1110,1.0,1951
960,1.0,1916
1050,1.0,2005
1260,2.0,2003
1990,1.0,1944
1040,1.0,1961
1540,1.5,1961
1170,1.0,1953
1780,1.0,1979
1600,2.0,2013
2520,1.0,1956
1360,1.5,1951
2220,1.0,1988
1100,1.0,1917
1240,1.0,1954
3250,2.0,2007
1950,2.0,1996
4260,2.0,1939
3190,2.0,1990
1830,1.0,1963
1560,1.5,1915
2140,1.0,1928
2620,2.0,2002
1510,1.0,2005
1750,1.5,1903
5540,2.5,1909
1520,1.0,1960
2200,1.0,1979
1500,2.0,1998
1980,1.0,1980
1230,1.5,1959
2040,1.0,1943
2890,1.0,1945
2240,1.0,1955
2210,2.0,1990
3130,2.0,2014
2290,1.0,1950
1760,1.0,1988
3990,1.0,1962
1460,1.5,1936
1960,1.0,1980
1700,3.0,2002
1740,1.0,1998
1700,1.0,1940
4180,2.0,1979
1920,1.0,1959
2250,2.0,1995
2330,2.0,1930
1980,2.0,1910
2920,2.0,2012
3000,1.0,2007
2840,1.5,1948
3200,2.0,1972
1820,1.0,1980
5930,2.0,1996
3150,2.0,2001
2090,1.0,1969
1280,1.0,1964
3230,2.0,1987
2220,1.0,1961
1780,1.0,1953
3440,2.0,2005
3280,2.0,1996
1970,2.0,1988
1900,2.0,1994
2500,1.0,1969
1520,1.0,1967
1500,3.0,2008
2000,1.0,1948
2414,2.0,2006
1370,2.0,2008
1480,1.0,1968
1790,2.0,2013
1780,1.0,1964
980,1.0,1939
2260,1.5,1910
1660,1.0,1978
2160,1.0,1978
3360,2.0,2014
2800,2.0,1934
860,1.0,1909
1470,2.0,2003
1400,1.0,1915
3650,1.0,2011
3740,2.0,2000
1350,1.0,1966
1610,2.0,2010
2020,1.0,1963
1350,2.0,2000
2940,2.0,2011
1960,1.0,1922
870,1.0,1948
1600,2.0,2000
1800,1.5,1950
2910,1.0,1975
3110,1.5,1921
2160,1.5,1955
1320,1.0,1982
3130,2.0,2008
1200,1.0,1952
2500,1.0,1948
1320,1.0,1954
980,1.0,1969
2120,2.0,1994
2980,1.0,1976
1510,2.0,1985
1760,1.0,1996
1250,1.0,1980
1360,1.0,1937
1750,1.0,1966
1220,2.0,1982
3370,2.0,2006
2390,2.0,2000
1940,1.0,1923
1020,1.0,1948
2670,2.0,1989
3530,2.0,1999
3240,2.0,1984
1780,2.0,1974
2610,2.0,2009
1140,1.0,1972
2730,2.0,1987
1560,2.0,1999
1320,1.0,1954
910,1.0,2003
1110,2.0,2009
1420,1.0,1962
3150,2.0,2001
1290,3.0,2008
2720,1.5,1939
1750,2.0,1983
2250,1.5,1998
2300,1.0,1942
2750,2.0,2014
1430,1.5,1927
1490,1.0,1959
2760,1.5,1940
2260,1.0,1978
3160,2.0,2004
1600,2.0,1995
1470,2.0,2003
3770,2.0,2008
1940,2.0,1979
1090,1.0,1954
3780,2.0,1990
1840,1.0,1978
2628,2.0,2014
1330,1.0,1942
2250,1.0,1984
1890,1.0,1968
2120,1.0,1917
1330,1.0,1983
1650,1.0,1953
2100,1.0,1952
2290,1.5,1938
2950,2.0,2003
3150,1.0,1976
1300,1.0,1958
2720,1.0,1985
4010,2.0,1990
1450,1.0,1947
2770,2.0,1989
1960,1.0,1965
730,1.0,2009
1650,1.0,1972
1560,1.0,1924
780,1.0,1958
3600,2.0,1947
3770,2.0,2006
3740,2.0,2000
1560,2.0,1979
1840,1.0,1983
2670,2.0,2003
1140,1.0,1959
1890,1.0,1969
1350,1.0,1986
3650,2.0,1969
1910,1.0,1973
1770,2.0,1996
1230,2.0,2012
1930,1.0,1961
2900,2.0,1994
840,1.5,1949
2080,1.0,1925
1090,1.0,1963
2456,2.0,2012
2744,2.0,2006
1930,1.0,1977
1290,1.0,1951
3280,2.0,2001
1370,2.0,1927
2490,2.0,2007
2630,1.0,1958
1450,1.0,1940
3550,2.0,1998
1460,1.0,1956
910,1.0,1923
560,1.0,1967
1300,1.0,1971
1270,1.0,1956
1540,1.0,1989
1700,2.0,1997
1370,2.0,1951
940,1.0,1949
2180,2.0,1994
1640,2.0,1983
1640,1.0,2010
750,1.0,1943
3720,2.0,2008
1950,3.0,2009
2100,2.0,1992
1430,1.5,1950
1780,1.0,1976
3550,1.5,1990
1660,2.0,1995
3620,2.0,1999
1140,1.0,1981
1330,1.0,1958
1530,1.0,1997
2500,1.5,1940
720,1.0,1914
1800,2.0,2004
1640,1.0,1952
2810,2.0,1998
2594,2.0,2012
2390,2.0,1988
2690,2.0,2001
1890,1.0,1973
3260,2.0,1984
1470,1.0,1918
3710,2.0,2003
2300,1.0,1977
1030,2.0,2004
2660,2.0,1992
3390,2.0,1916
3440,2.0,1991
2320,1.0,1974
2350,2.0,1993
1830,2.0,1985
1870,1.0,2009
1820,1.0,1969
1600,1.0,1963
1810,2.0,1992
3780,2.0,1951
790,1.0,1942
2100,1.5,1928
1260,1.0,1951
1330,1.0,1919
940,1.0,1942
1540,1.5,1986
2780,3.0,1974
1940,2.0,1990
1060,1.5,1965
1560,1.0,1961
830,2.0,2006
1320,1.0,2004
1230,1.5,1929
1210,1.0,1955
3960,2.0,2014
1560,1.0,1953
2870,2.0,1991
1390,1.0,1959
1350,1.5,1914
6050,2.0,2001
1610,1.0,1959
1490,1.5,1906
2300,2.0,2006
1670,1.0,2004
1010,1.0,1973
1860,2.0,2000
910,1.0,1948
1430,1.0,1957
1460,1.0,1929
3490,2.0,1980
4860,2.0,1989
2850,2.0,2006
1430,1.0,1994
1740,1.5,1903
2510,1.0,1977
1940,1.0,1951
1010,1.0,1968
1520,1.0,1975
1920,2.0,1984
2870,2.0,1977
1950,1.0,1956
1850,1.0,1930
2190,2.0,2004
1430,1.0,1948
1950,1.0,1975
2500,1.5,1926
1470,1.0,1955
1670,1.0,1947
1440,1.0,1958
1310,2.0,2008
740,1.0,1942
1210,1.0,1954
2520,1.5,1928
1790,2.0,2006
1880,1.0,1952
2350,1.5,1939
2400,2.0,1998
2980,2.0,2006
1350,1.0,1986
1500,1.5,1966
2770,1.0,1969
2850,2.0,2001
2350,2.0,1993
2180,1.0,1959
2230,2.0,2003
1790,1.0,1976
1210,1.0,1958
3200,1.0,1959
1250,1.5,1926
2920,2.0,1960
1350,1.0,1959
1810,2.0,1977
1690,2.0,2008
1660,2.0,1983
2790,1.5,1949
4970,2.0,1992
1810,1.0,1977
1910,1.0,1970
2130,2.0,1991
1270,3.0,2006
2330,1.0,1953
1940,2.0,1990
2450,1.0,1954
2450,1.0,1979
2678,2.0,1998
1680,1.0,1993
2420,2.0,1993
1000,1.0,1961
1860,1.0,1951
2670,1.0,1988
3090,1.0,1991
3160,1.5,1968
1500,1.0,1968
1620,2.0,1989
1510,1.0,1901
1240,1.0,1984
2750,2.0,1994
1160,1.0,1980
1330,1.5,1928
1950,1.0,1959
1840,1.5,1957
1660,1.0,1968
1330,1.0,1984
3930,2.0,2013
1690,1.0,1984
2100,2.0,1993
1570,1.5,1914
3470,2.0,1995
1810,1.0,1969
2970,2.0,2000
1760,1.0,1942
5350,1.0,2008
1840,1.0,1976
780,1.0,1924
880,1.0,1937
2210,1.0,1997
2580,2.0,1998
1730,1.0,1961
2820,2.0,1979
1150,2.0,1911
2220,1.0,1989
1140,1.0,1970
1840,2.0,2012
3220,2.0,2003
2880,2.0,1955
1820,1.0,1977
1650,2.0,2000
2010,2.0,1922
1770,2.0,2009
2280,2.0,1990
830,1.0,1920
2620,1.0,1979
1560,1.5,1903
1710,2.0,1988
1130,1.0,1916
2242,2.0,1995
2930,2.0,2000
1440,1.0,1965
1232,3.0,2007
2440,1.0,1955
1480,1.5,1940
1880,1.0,1997
2620,1.5,1998
790,1.0,1932
3210,2.0,1995
1780,1.0,1974
3000,2.0,2005
2440,2.0,1988
1360,1.5,1945
1540,1.0,1953
1765,2.0,1996
2530,1.0,2005
3280,1.0,1981
2140,3.0,2005
2390,2.0,2008
2610,1.0,1965
1820,2.0,1993
820,1.0,1954
2680,2.0,2004
1260,1.5,1937
4050,1.0,1979
1980,1.0,1969
1260,1.0,1969
1180,2.0,2014
5150,2.0,2007
1820,1.0,1981
2610,3.0,1910
1280,2.0,1985
2530,2.5,1915
1070,1.0,1967
600,1.0,1950
1340,1.5,1907
2350,1.0,1961
2800,2.0,2003
4340,2.0,2003
2160,2.0,1983
1260,2.0,1987
2890,2.0,2013
4510,2.0,2003
1060,1.0,1973
840,1.0,1907
1940,2.0,2000
4610,2.0,1947
1370,2.0,2007
1860,2.0,1998
1200,1.0,1961
1290,2.0,2008
3830,2.0,2014
2530,2.0,1995
2280,1.5,1931
1410,1.5,1929
1000,1.0,1947
1814,1.0,1951
3362,2.0,2004
2010,2.0,1939
2700,2.0,2002
1080,1.0,1958
2130,1.0,1968
1180,1.0,1967
1640,1.5,1928
1580,3.0,2014
3240,2.0,2013
2550,2.0,1910
2500,2.0,2003
1540,2.0,2002
1470,1.0,1973
2153,2.0,2007
1380,2.0,2012
2660,1.0,1962
1180,1.5,1910
1060,1.0,1951
1160,2.0,2007
1770,2.0,2004
1050,1.0,1904
1680,2.0,2009
1090,1.0,1966
1120,1.0,1988
1700,1.0,1919
2140,2.0,1991
1500,1.0,1943
2070,2.0,1989
2860,2.0,1999
3190,2.0,2005
2910,1.0,1957
1650,1.0,1959
2620,2.0,2013
1770,2.0,2005
2360,2.0,1987
960,1.0,1910
3450,2.0,1905
2560,2.0,2014
1120,2.0,2008
1970,1.5,1927
1240,1.0,1968
1970,1.0,1968
4850,2.0,2001
2040,1.0,1910
3090,2.0,2000
1380,1.0,1955
2770,1.0,1979
2100,1.0,2007
1960,1.0,1978
3030,3.0,2005
780,1.0,1905
2060,1.5,1920
2210,1.0,1968
1140,1.0,1931
5070,2.0,2000
2190,1.0,1977
4570,2.0,1990
2570,2.0,1989
3070,2.0,1995
2130,2.0,1986
2223,2.0,2010
1610,1.0,1964
930,1.5,1910
4750,2.0,2013
910,1.0,1966
2300,2.0,1966
970,1.0,1942
2100,2.0,1983
1090,1.0,1955
2580,2.0,2007
2900,1.0,1961
1333,3.0,2009
1980,1.0,1990
1690,1.0,1969
1960,1.0,1946
3890,2.0,2004
3930,2.0,1999
1200,1.0,1959
2330,1.5,1983
3100,2.0,1999
1370,1.0,1948
2290,2.0,1985
2790,2.0,1993
1600,1.0,1918
2190,2.0,2015
1040,1.0,1951
1552,2.0,2012
1220,3.0,2014
1800,1.0,1969
1120,1.0,1953
1894,1.5,1936
2340,2.0,1998
2090,1.5,1941
3360,1.0,1962
2020,1.0,1910
1630,1.5,1943
1600,1.0,1960
680,1.0,1941
1300,1.5,1925
1940,1.0,1969
1230,1.0,1949
1280,1.0,1984
2810,2.0,2003
1050,1.0,1975
1060,1.0,1952
2050,2.0,2001
2440,1.0,1952
2020,1.0,1961
1900,2.0,1984
2920,2.0,1953
1280,1.5,1949
2140,1.0,1962
800,1.0,1949
2500,1.0,1978
3560,2.0,2014
3640,1.5,1999
1320,1.0,1956
1870,2.0,2009
1430,1.0,1968
2340,2.0,2009
1990,2.0,2005
3190,2.0,2005
2060,2.0,2014
1220,1.0,1973
1480,1.0,1910
2540,2.0,1997
1300,2.0,2011
2630,2.0,1994
1560,1.0,1947
2270,1.0,1961
600,1.0,1920
1410,1.0,1960
1610,1.0,1982
1930,1.0,1988
2920,2.0,1998
1830,1.0,1994
1780,1.0,1979
1390,1.0,1951
2790,2.0,1977
1380,1.5,1906
2610,2.0,2004
1420,2.0,2003
1470,1.0,1985
1220,1.0,1938
2850,1.5,1926
4590,2.0,1927
1770,3.0,2007
3040,2.0,2003
2390,1.0,1969
2820,1.0,1967
1070,1.0,1908
2510,1.0,1953
750,1.0,1926
1580,1.5,1923
3080,1.0,1968
1080,1.0,1955
2020,2.0,2001
2280,2.0,2003
1990,2.0,1994
1570,1.5,1928
980,1.0,1940
1820,3.0,1998
2270,2.0,1986
1970,1.0,1964
2910,2.0,2008
1140,2.0,1904
1510,1.0,1962
1470,2.0,1982
970,1.0,1959
2490,2.0,2005
960,1.5,1916
2860,2.0,1978
3300,2.0,2014
3070,2.0,1950
3070,2.0,1978
1510,1.0,1974
2200,1.0,1918
1490,1.0,1958
1070,2.0,2005
1410,1.0,1958
2632,2.0,2013
1220,1.0,1955
2080,1.0,1950
1900,1.0,1956
2320,1.0,1956
2220,1.0,1963
1570,1.0,1953
1950,2.0,2000
1290,1.0,1984
1420,1.0,1967
1770,2.0,1992
1420,3.0,2006
2380,1.0,1961
2850,2.0,1989
1650,1.0,1979
1830,1.5,1948
1790,1.5,1932
940,1.0,1949
1820,2.0,1983
2160,1.0,2002
1590,1.0,1966
4160,2.0,1991
2880,1.0,1989
1910,1.5,1922
2860,1.0,1953
3030,2.0,1991
4140,2.0,2005
2880,2.0,1983
2600,1.0,1969
1950,2.0,1988
800,1.0,1944
1410,1.0,1961
880,1.0,1927
1070,1.0,1917
1090,1.0,1969
1740,1.0,1955
1010,1.0,1982
3150,2.0,2001
2190,1.5,1923
2240,2.0,1943
3320,1.0,1963
1830,1.0,1989
3540,2.0,1940
1660,1.0,1959
1060,2.0,1983
1100,1.0,1982
3000,1.5,1918
2970,2.0,1998
1610,1.5,1929
1000,1.0,1947
2720,2.0,2002
1010,1.0,1969
2820,1.0,1985
680,1.0,1901
2052,2.0,2014
3520,1.5,1913
2430,1.5,1909
1620,2.0,2014
1060,1.0,1927
2470,2.0,2004
2240,2.0,1989
2330,1.0,1956
1110,1.5,1946
2350,2.0,2003
2090,1.0,1967
1100,2.0,1900
1960,2.0,2012
2450,2.0,2002
2440,1.0,1976
1340,2.0,1900
2040,1.0,1977
2990,2.0,1994
840,1.0,1970
2780,2.0,1979
1310,2.0,2002
790,1.0,1947
3040,2.0,2013
1190,2.0,2008
1540,1.0,1974
770,1.0,1927
1670,2.0,2001
2000,1.0,1981
2110,1.0,1978
1240,1.5,1951
2540,1.0,1948
1760,2.0,1986
1560,1.0,1968
1680,1.0,1959
2820,2.0,2008
1530,1.0,1949
1060,1.0,1983
1710,2.0,2003
1350,3.0,2006
1890,1.0,1959
980,1.0,1966
2820,2.0,1998
1400,1.5,1900
2250,1.0,1958
2420,2.0,1925
1510,2.0,1991
1350,1.0,1954
1630,1.0,1959
1061,2.0,2013
4270,2.0,2008
1910,1.5,1941
1150,1.0,1961
2960,2.0,1978
3930,2.0,1997
900,1.0,1915
1800,1.0,1975
1560,1.0,1966
1510,2.0,2001
1990,1.5,1987
1070,1.0,1977
2060,1.0,1985
2700,1.0,1967
1350,1.5,1914
760,1.0,1944
1400,1.5,1953
880,1.0,1942
1552,2.0,2012
1030,1.0,1948
5490,2.0,2005
1850,2.0,1989
880,1.5,1929
2100,2.0,1998
1129,1.0,1953
1620,1.0,1926
1606,3.0,2009
2780,2.0,2001
2330,2.0,1918
2170,2.0,1987
3915,2.0,2014
2370,2.0,1984
2400,1.0,1962
2680,1.0,1962
1470,1.0,1919
2310,2.0,1968
2720,2.0,2005
2050,1.0,1973
1760,1.0,1956
790,1.0,1944
2220,1.0,1973
2100,1.0,1953
1000,2.0,2007
1700,2.0,1993
2080,1.0,1950
1522,2.0,2006
1180,1.0,1948
1670,1.0,1992
2430,2.0,2001
2340,1.0,1954
2360,2.0,2006
920,1.0,1909
1950,2.0,2009
1810,1.0,1983
3190,2.0,2006
2120,1.0,1949
1900,1.5,1926
1590,1.0,1976
1330,1.0,1957
3630,2.0,2000
1240,3.0,2014
2350,2.0,1998
1300,1.0,1958
1510,1.0,1974
1970,1.0,1967
2690,2.0,2004
1340,2.0,2008
2475,2.0,2014
1060,1.0,1913
800,1.0,1936
1320,1.0,1993
1160,2.0,1983
1658,2.0,2014
1250,1.0,1965
1870,2.0,1977
1350,2.0,2007
2100,1.0,1975
2640,2.0,1943
4340,2.0,1986
2050,2.0,1965
1000,1.0,1914
1180,2.0,2005
3700,1.0,1973
3250,2.0,2004
1470,1.5,1900
3080,1.0,1965
2830,2.0,1998
3720,1.0,1947
1890,2.0,2003
1730,1.5,1961
3000,2.0,1969
1290,1.0,1956
3340,1.0,1950
2700,2.0,1994
3600,2.0,1945
2680,2.0,1986
6840,2.5,2001
2730,1.0,1968
2250,2.0,1988
3900,1.0,1947
4000,2.0,2015
2570,2.0,1980
1250,2.0,2006
1450,1.0,1955
1230,1.0,1965
1860,1.5,1928
3190,1.0,1967
1360,1.5,1924
1680,1.0,1940
1950,1.0,1962
2220,1.0,1976
1370,1.0,1939
1250,1.0,1970
2100,2.0,1999
2760,2.0,1999
1760,1.0,1962
2930,1.5,1983
2250,2.0,1985
1980,1.0,1960
2050,2.0,2014
3920,2.0,1988
4110,2.0,1995
910,1.0,1942
2010,2.0,1986
1600,1.0,1950
2450,1.0,1913
1340,1.5,1935
2410,2.0,2007
2080,1.0,1950
3680,1.5,1927
2620,2.0,1998
1800,1.0,1955
3990,2.0,1991
2190,1.0,1968
4030,2.0,1988
1330,1.0,1981
1950,1.0,1959
4280,2.0,1984
1810,1.0,1968
2030,1.0,1961
2650,2.0,2000
1730,2.0,1905
1740,2.0,1999
1440,1.0,1943
1320,2.0,1981
2190,2.0,2005
1310,1.0,1986
860,2.0,2009
3100,2.0,2005
3880,2.0,2004
3730,3.0,1985
1830,2.0,1990
2520,1.0,2004
2060,1.0,1984
3500,2.0,1980
1820,1.0,1957
2430,2.0,2002
2220,2.0,1985
3450,2.0,2004
2750,1.5,1904
1390,1.5,1915
4280,2.0,1999
3690,1.0,1960
2160,2.0,1991
1560,1.0,2004
2370,2.0,1979
2710,2.0,1977
1270,1.0,1968
2120,2.0,2005
3190,2.0,2007
1540,1.0,1966
1200,1.0,1968
1540,3.0,2007
2660,1.0,1959
2720,2.0,1993
2420,1.5,1900
960,1.5,1912
1300,1.5,1900
1630,1.0,1990
2340,1.0,1917
2130,2.0,1977
1620,3.0,2014
3110,2.0,2014
2280,2.0,2008
1270,1.0,1967
1670,1.0,1974
1880,1.0,1962
1890,1.5,1901
1530,1.0,1981
3180,2.0,2004
1370,3.0,2005
2380,1.5,1925
3770,2.0,1983
1420,3.0,2002
2400,2.0,1998
1300,1.0,1943
2770,1.5,1921
2064,2.0,1903
2070,1.0,1982
1930,1.0,1960
1810,1.5,1960
1780,1.0,1960
1610,1.0,1990
1190,1.5,1907
1980,1.5,1962
1400,2.0,1981
2590,1.0,1987
4720,2.0,2005
2400,2.0,2001
1530,1.5,1921
2190,2.0,2006
2340,1.0,1983
1280,1.0,1967
850,1.0,1910
1570,2.0,1982
1540,1.0,1968
1830,2.0,1990
1010,2.0,2007
1940,1.0,2010
1260,1.0,1979
2050,1.0,1986
1380,1.0,1966
1530,1.0,1937
1140,1.5,1958
4410,3.0,2003
2140,1.0,1959
1590,3.0,2014
3000,2.0,2004
1830,1.0,1962
1200,1.0,1969
1840,1.0,1972
2230,2.0,1906
2770,2.0,2004
760,1.0,1950
1040,1.0,1937
1160,2.0,2000
1950,1.0,1947
2550,2.0,1985
1830,2.0,2003
2290,2.0,1979
2790,1.0,1973
2050,1.0,1977
1560,1.0,1967
1820,1.0,1950
3410,2.0,2007
3490,1.0,1960
1270,1.0,1956
1900,1.0,1968
2260,2.0,2004
2310,2.0,1928
1650,1.0,1986
2480,1.0,1946
1980,1.0,1910
1150,1.0,1970
1540,1.0,1961
3280,1.0,1979
1920,1.0,1972
2980,2.0,2007
1540,1.0,1960
1960,2.0,2006
2220,1.0,1983
1290,1.0,1906
1590,1.0,1985
2470,2.0,1989
4420,2.0,2013
1590,1.5,1908
1076,3.0,2006
2990,1.0,1972
1460,2.0,2014
1690,2.0,1906
970,1.0,1980
2720,2.0,2005
3950,2.0,2006
2040,1.0,1980
1050,1.0,1950
2110,2.0,1990
1690,2.0,2014
1770,1.0,1954
2760,2.0,1978
3488,2.0,1998
780,1.0,1920
2090,1.0,1974
1300,1.0,1955
2350,2.0,1993
1680,2.0,1962
1770,1.0,1948
2701,2.0,2013
1890,2.0,1905
1700,2.0,2002
2220,1.5,1925
3090,1.0,1956
1310,1.0,1962
1440,1.0,1980
2720,2.0,2014
990,2.0,2007
1950,2.0,2007
1700,1.0,1978
1650,2.0,1988
1010,3.0,1999
3200,2.0,2007
3130,2.0,2004
2420,2.0,1991
2780,2.0,2003
2110,2.0,1991
3360,2.0,1963
1240,2.0,2008
1800,1.0,1942
2150,2.0,1979
1440,2.0,1985
1200,1.0,1942
2320,1.5,1915
1800,2.0,2001
1330,1.0,1978
1400,3.0,2006
2650,1.0,1977
2450,2.0,2007
1850,2.5,1979
1570,1.0,1952
2110,1.0,1977
5010,2.0,1988
3010,2.0,2008
3700,1.0,2000
2980,1.0,1978
7120,2.0,2007
1340,1.0,1963
1900,1.5,1926
2330,1.0,1983
2990,2.0,2011
1850,2.0,1991
2810,1.5,1988
1580,1.0,1981
4280,2.0,2005
1670,2.0,2000
3655,1.0,1955
860,1.0,1948
1010,1.0,2003
1390,1.5,1955
1750,1.0,1993
1280,1.0,1916
2260,1.0,1978
2130,1.0,1952
1180,1.0,1977
3740,1.0,1988
1450,2.0,2015
1170,2.0,2007
2420,2.0,1988
1690,1.0,1928
910,1.0,1936
1350,1.0,1966
820,1.0,1954
1340,1.5,1958
2010,2.0,1977
2000,1.0,1921
2360,2.0,2003
3720,2.0,2005
880,2.0,1999
2140,2.0,1986
1180,1.0,1969
1785,2.0,1975
4420,2.0,2004
1820,1.0,1939
1900,2.0,2006
1290,1.0,1950
1800,1.5,1912
1450,2.0,1994
2440,1.0,1996
3480,1.0,1941
1220,1.5,1901
2980,2.5,1998
2580,1.0,1956
2070,2.0,2003
1000,1.0,1946
3030,1.0,1980
2320,1.5,1913
890,1.5,1926
1840,1.0,1989
2180,2.0,2004
2300,2.0,2001
5067,1.0,1968
2500,1.0,1966
1850,1.0,1952
1200,1.5,1945
1840,1.0,1907
1780,1.0,1972
4120,1.0,1947
890,1.0,1941
2760,1.0,1956
2470,2.0,1993
1910,1.0,1977
3680,1.5,1970
1760,1.0,1967
2530,2.0,1994
2470,2.0,1990
1240,1.5,1902
1900,1.0,1960
2340,1.0,1956
910,1.0,1962
2410,1.0,1975
2430,2.0,2011
1250,1.0,1965
1180,1.5,1946
2270,1.0,1900
1800,1.0,1952
3060,2.0,2006
4830,2.0,1990
1790,2.0,1949
2440,1.0,1961
920,1.5,1944
2303,2.0,2013
5860,2.0,1996
990,1.0,1960
1660,1.5,1957
2360,2.0,1939
3090,2.0,1995
1260,2.0,1999
1000,1.0,1975
1530,2.0,2001
970,2.0,2007
1390,1.5,1903
4320,1.0,1972
1690,1.0,1986
2390,1.0,1957
2520,2.0,1944
820,1.0,1944
2570,2.0,2006
2650,1.0,1976
1950,2.0,1988
1790,1.0,1988
1280,1.5,1942
680,1.0,1903
2000,1.0,1963
2330,1.5,1900
960,1.0,1953
1810,1.0,1969
1250,1.0,1968
1480,1.0,1975
1470,2.0,1985
1140,1.0,1964
1340,3.0,2008
1290,2.0,1906
1890,2.0,2004
1020,1.0,1969
1590,1.0,1952
1530,1.0,1928
1300,1.0,1963
1960,2.0,2012
1720,1.0,1966
1680,1.0,1915
3223,2.0,2014
1670,1.0,2007
3690,2.0,1998
1100,1.0,1906
1300,1.0,1975
750,1.0,1936
2440,1.5,1941
1470,1.0,1965
6160,2.0,2007
1630,1.0,1988
1150,2.0,2013
3920,2.0,1955
3670,2.0,2005
1490,1.0,1942
3410,2.0,1912
3230,2.0,2008
1790,1.0,1990
3060,2.0,2003
1850,1.0,1963
2130,2.0,2014
1260,3.0,2007
1250,1.0,1944
1660,1.0,1918
1020,2.0,2004
2160,1.0,1925
2950,2.0,2012
2720,2.0,1981
2670,1.0,1955
2050,2.0,1910
1270,2.0,2000
4210,2.0,1995
2880,2.0,1926
1370,1.0,1972
1420,1.0,1987
3360,2.0,1994
2730,2.0,2015
3190,1.0,1976
1290,3.0,2007
3550,2.0,2007
1090,2.0,1990
1410,1.0,1954
1200,1.0,1955
2020,2.0,1943
1920,1.0,1966
880,1.0,1931
1160,1.0,1970
2000,1.0,1963
1180,1.0,1977
1730,1.0,1962
3210,1.0,1976
760,1.0,1920
1490,1.5,1926
3830,2.0,2014
2610,2.0,2008
2060,2.0,1975
1630,3.0,2014
2710,2.0,2005
2500,2.0,1979
2550,2.0,1908
1590,3.0,2010
4190,2.5,1928
1010,1.0,1918
1310,1.0,1962
990,1.0,1908
2490,2.0,2001
2530,2.0,1993
2190,2.0,1978
4400,1.0,1963
1120,1.5,1910
800,2.0,2006
1646,2.0,1996
1370,1.0,1963
2310,2.0,2005
1780,1.0,1964
590,1.0,1944
2506,2.0,2006
2230,1.0,1969
2470,2.0,1984
3250,1.0,1965
1630,1.0,1978
1230,1.0,1980
1930,1.0,1975
3220,1.5,1966
2130,1.0,1977
1050,1.0,1953
2450,2.0,1990
740,1.0,1920
550,1.0,1945
2270,1.0,1968
1490,2.0,1997
1460,1.0,1942
1470,1.0,1984
1500,1.0,1967
2100,2.0,1984
1000,1.0,1951
2700,1.0,1969
1880,1.0,1945
1840,3.0,2001
2840,1.0,1988
720,1.0,1943
1450,2.0,2009
1420,1.0,1950
2820,2.0,1995
2440,1.0,1976
1390,1.0,1947
1640,1.0,1921
1740,2.0,1999
3230,2.0,2014
2440,2.0,1983
1810,2.0,1961
1310,1.0,1934
2400,1.0,1957
1680,1.0,1900
3580,1.0,1992
1350,3.0,2007
2650,1.0,1952
2920,1.0,1966
1445,2.0,2004
1080,1.0,1950
2440,2.0,2000
1480,1.0,1969
1050,1.5,1913
1990,1.0,1988
1470,1.0,1946
1540,1.0,1955
2020,1.5,1929
3740,1.5,1958
3170,1.0,1978
1700,2.0,1988
1760,1.0,1967
2160,2.0,1994
1710,2.0,2004
2110,2.0,1977
3180,2.0,2012
1020,1.0,1937
2680,1.0,1960
890,1.0,1917
1760,3.0,2008
1726,2.0,1982
1920,2.0,1993
2160,2.0,2014
970,1.0,1941
1890,1.0,1949
1170,1.0,1960
2370,1.0,1976
1370,1.5,1900
1400,1.0,1954
2290,1.0,1948
3040,1.0,1951
2150,2.0,1976
1310,1.5,1918
2360,2.0,1979
950,1.0,1983
3430,2.0,2014
1370,1.0,1918
5250,2.0,1998
3330,2.0,2004
1310,1.0,1965
1970,1.0,1976
2460,2.0,2006
2380,1.5,1966
2120,1.0,1997
2480,1.0,1950
3140,2.0,1991
2920,1.0,1956
1240,1.0,1939
1900,1.0,1916
1950,1.0,1980
1250,1.0,1994
3660,2.0,2014
2130,2.0,1924
2150,2.0,2010
4350,2.0,2013
1870,1.0,1957
1190,1.5,1945
2000,1.5,1946
2460,2.0,1980
2070,2.0,2004
3110,2.0,1990
1680,1.0,1973
2390,1.0,1952
1320,1.0,1996
1660,2.0,1988
2844,2.0,2013
980,1.0,1953
3270,2.0,2007
2190,2.0,2003
1460,1.0,1988
1800,2.0,2014
2000,1.0,1965
2070,1.5,1920
2600,1.0,1940
1970,1.0,1966
1110,3.0,2008
4460,2.0,2001
1180,1.0,1958
3430,2.0,2006
2520,1.5,1916
2020,2.0,1966
4420,2.0,2001
760,1.0,1930
1890,1.0,1965
3650,2.0,1951
2700,3.0,1990
3630,1.5,2004
1670,1.5,1930
2160,1.0,1968
2220,1.0,1966
1220,1.0,1958
1200,1.0,1955
1350,1.0,1959
2970,2.0,1997
2090,1.0,1994
1530,2.0,2001
2050,1.0,1987
2210,1.0,1967
2500,2.0,1942
2000,1.0,1987
2300,1.0,1984
1200,1.0,1955
1410,1.0,1992
2320,1.0,1956
3900,2.0,1967
2520,1.5,1988
2120,2.0,1983
1450,2.0,2006
2710,2.0,2003
2440,2.0,2014
1750,1.0,1962
2280,2.0,1987
1400,1.0,1969
3100,1.0,1970
1230,1.0,1969
3940,2.0,1992
1590,1.5,1933
2000,1.0,1972
1380,1.0,1944
2750,2.0,1981
1260,1.0,1963
894,2.0,2011
3500,2.0,2004
3040,2.0,1966
2960,2.0,1986
1610,1.0,1941
1720,1.0,1981
2640,1.5,1925
1570,2.0,2002
2380,1.0,1984
3010,2.0,2010
2100,1.0,1959
810,1.0,1952
1680,1.0,1922
2860,1.0,1957
1990,1.0,1960
2730,2.0,1998
1300,1.0,1976
1090,1.5,1900
2154,2.0,2012
900,1.0,1924
2370,2.0,2003
2990,1.0,1976
1740,2.0,1980
1620,1.0,1949
1630,2.0,1997
2240,1.0,1956
1320,2.0,1900
1080,1.0,1950
1510,2.0,1946
1270,1.0,1960
3020,1.5,1925
3270,2.0,1998
1470,1.0,1948
3290,2.0,1975
2100,1.0,1960
2340,1.0,1977
4830,2.0,1952
1070,2.0,2008
3220,2.0,2002
3230,2.0,2002
2760,2.0,2005
2460,2.0,1977
1570,1.5,1931
1220,3.0,2007
2350,1.5,1922
2530,1.5,1910
2640,1.0,1977
2830,2.0,1915
1740,1.5,1976
2760,2.0,1978
1970,1.0,1986
2100,2.0,2013
1180,1.0,1949
2180,1.0,1959
860,1.0,1960
1800,1.0,1974
1700,1.0,1915
2380,1.0,1957
1480,1.5,1928
1120,2.0,2012
720,1.0,1940
3210,1.5,1979
840,1.0,1925
2605,1.0,2003
5790,2.0,2014
1810,1.0,1984
2200,1.0,1964
1490,2.0,1990
1350,1.0,1944
4080,2.0,1998
1600,1.0,1946
1040,1.0,1950
1850,1.0,1954
1270,1.5,1909
1200,1.0,1950
3680,2.0,1986
1640,1.0,1967
1910,1.0,1959
3527,2.0,2005
2040,1.0,1962
1960,2.0,2004
500,1.0,1928
2520,1.0,1965
4300,2.0,2014
1430,3.0,2003
1030,3.0,1999
2920,1.0,1976
2310,2.0,1989
1210,1.0,1952
1060,1.0,1983
1930,1.0,1961
3360,2.0,1905
2400,2.0,1993
1680,1.0,1960
1840,2.0,2013
2800,2.0,2005
1020,1.0,1923
1250,1.0,1953
3420,1.0,1948
2120,1.0,1976
1790,1.5,1915
960,1.0,1963
2010,1.0,1974
1180,1.0,1955
1710,1.0,1975
2770,2.0,1999
1520,1.0,1999
640,1.0,1918
2620,1.0,1979
2040,1.0,1967
790,1.0,1942
1330,1.0,1966
1480,1.0,1927
2420,2.0,2006
2580,2.0,2006
2610,1.0,1918
2420,1.0,1965
1975,2.0,1996
3000,2.0,1942
4640,2.0,2007
1430,1.0,1928
970,1.0,1924
1890,1.0,1966
820,1.5,1910
1330,1.0,1952
1770,2.0,1998
4200,2.0,1993
1930,1.0,1997
1880,2.0,1909
4700,2.0,1958
1820,2.0,1988
1560,1.0,1947
3970,2.0,2000
2010,1.0,1957
2480,2.0,1972
1140,2.0,2014
2700,1.0,1978
2080,1.5,1925
2640,1.5,1978
3030,2.0,1997
4440,2.0,2003
1440,1.0,1965
2192,2.0,2006
1210,2.0,2014
3390,2.0,2007
4000,1.0,1987
1120,1.0,1955
2350,2.0,2014
1550,2.0,1987
1720,2.0,1999
2514,2.0,2007
2100,2.0,1986
1150,1.0,1948
2480,2.0,1986
2840,1.0,1952
3170,2.0,2012
4590,2.0,2003
2210,1.0,1954
3860,2.0,1927
1890,1.0,1966
1540,1.0,1960
1930,1.0,1969
3410,2.0,2004
1910,1.0,1954
2450,2.0,1994
3990,2.0,1922
4740,2.0,1990
1750,2.0,1977
1410,1.5,1909
2300,1.0,1960
4290,1.0,1997
1900,1.0,1958
2320,1.0,1952
1510,1.0,1925
1460,1.0,1962
2090,1.0,1987
1740,1.0,1989
1400,1.0,1924
1180,1.0,1970
2550,2.0,2001
1750,1.0,1979
1690,2.0,2014
3030,1.5,1973
2260,1.5,1924
2000,1.0,1979
3190,2.0,2006
1910,1.0,1980
1330,1.0,1910
1640,1.0,1984
1190,1.0,1968
1530,2.0,2007
1840,2.0,1965
820,1.0,1951
2910,2.0,1932
3010,2.0,2008
3060,2.0,2005
2300,1.0,1960
1160,1.0,1968
2330,1.0,1990
1140,1.0,1932
2540,2.0,2003
1000,1.0,1906
2690,1.5,1940
1210,2.0,2014
1270,1.0,1967
1280,2.0,2009
3420,2.0,2012
910,1.0,1968
1310,1.0,1946
3250,1.0,1966
1430,1.0,1947
3500,2.0,1927
3210,2.0,2011
3600,2.0,2012
730,1.0,1926
2230,1.0,1968
2910,2.0,1988
4490,2.0,1941
2570,1.0,1984
4370,2.0,2001
1780,2.0,1985
1530,1.0,1962
1530,1.5,1938
1800,2.0,1996
1480,1.0,1968
5860,2.0,2013
1930,2.0,2005
2830,3.0,2006
1850,2.0,1974
2240,2.0,1995
2300,1.0,2007
990,2.0,1981
3880,2.5,2007
1414,2.0,1986
1960,2.0,2003
1210,1.5,1928
1740,2.0,1998
1050,1.0,1975
2390,2.0,2003
970,1.0,1970
3310,2.0,2012
1090,1.0,1962
1020,1.0,1939
1960,2.0,2002
3090,2.5,1918
1480,2.0,1996
1280,1.5,1903
930,1.0,1943
2620,1.0,1977
1170,1.5,1925
1800,1.0,1972
1000,1.0,1954
3110,2.0,2014
1640,1.0,1967
860,1.0,1948
1880,2.0,2001
3550,1.0,2010
3870,2.0,1976
2260,2.0,1992
1810,2.0,1993
1610,1.5,1959
2410,1.0,1976
1520,2.0,1994
1410,1.0,1923
2550,1.0,1967
1620,1.5,1923
3890,2.0,2006
3470,2.0,1963
600,1.0,1922
1180,1.5,1928
1430,1.0,1964
3020,2.0,1992
1200,1.0,1943
1090,1.0,1927
1540,1.0,1900
2130,2.0,1965
1770,2.0,1989
1170,1.5,1924
2680,1.0,1967
2620,2.0,1990
1320,1.0,1970
2720,3.0,1986
1460,1.5,1912
2010,2.0,2014
2870,2.0,1986
2320,2.0,2004
1410,3.0,2005
2040,2.0,1999
4410,2.0,1989
1060,1.0,1980
720,1.0,1947
2830,2.0,1923
930,1.0,1923
2420,1.0,1946
1810,2.0,1987
1390,1.0,1924
1540,1.0,1977
2750,2.0,1991
1880,1.0,1979
1830,1.0,1928
1820,2.0,1984
2790,2.0,2000
870,1.5,1906
2000,2.0,1967
1450,1.0,1987
2650,2.0,1984
1840,1.0,1955
1450,1.0,1990
2420,2.0,1990
1160,1.0,1992
1730,1.0,1956
2470,1.0,1978
2100,1.5,1914
2330,1.0,1980
1930,1.0,1962
2420,2.0,2013
2770,2.0,2001
1280,1.0,1951
730,1.0,1946
940,1.0,1952
1960,1.0,1904
3490,2.0,2009
1330,1.0,1993
1280,2.0,2005
1230,2.0,2009
2890,2.0,1977
1390,2.0,1979
2070,2.0,2002
1690,1.5,1954
2920,3.0,2008
1570,2.0,1991
920,1.0,1910
1630,2.0,1985
1600,1.0,1998
1920,1.0,2014
1890,1.5,1906
2643,2.0,2012
1230,1.0,1960
1620,1.0,1948
1010,1.0,1948
2030,2.0,2001
1350,3.0,2006
2110,2.0,1989
2440,2.0,2009
1480,1.0,1954
380,1.0,1963
1570,1.0,1972
3860,2.0,1985
1140,1.0,1994
1580,2.0,2008
1520,1.0,1955
2760,2.5,2013
2250,2.0,1994
3500,2.0,2005
1550,1.0,1927
3000,2.0,1924
3170,2.0,1900
1330,1.0,1985
2470,1.0,1985
760,1.0,1900
1656,1.0,1985
2390,2.0,1921
1300,1.5,1927
1070,3.0,2006
2520,2.0,1979
3420,2.0,1989
2290,1.0,1959
1410,1.0,1982
3150,1.0,1986
1650,3.0,2014
2720,1.0,1963
1250,1.0,1968
1240,1.0,1940
2180,2.0,1994
2180,1.0,1968
3180,2.0,1929
1170,1.0,1981
1870,1.0,1975
2110,2.0,1999
1610,1.0,1967
1995,3.0,2005
1690,1.0,1982
1710,2.0,1999
2240,1.0,1980
860,1.0,1949
1000,1.0,1933
1900,2.0,2003
1420,1.0,1963
1100,1.0,1942
1200,2.0,2015
1610,2.0,2010
2730,1.0,1962
1530,2.0,1993
4100,2.0,1981
2290,2.0,1985
1510,1.0,1924
1320,3.0,1997
1820,1.0,1974
1570,1.0,1956
1824,1.0,2010
2520,2.0,1987
1000,1.0,1910
2170,2.0,1989
1430,1.0,1984
1040,1.5,1951
3300,2.0,1976
1010,1.0,1920
3610,2.0,1954
1070,1.0,1930
1930,1.0,1959
3140,2.0,1977
2300,1.0,2004
2380,2.0,1946
1460,2.0,2007
2210,1.0,1966
1220,1.0,1942
1750,2.0,1934
1080,1.5,1924
1980,1.0,1973
2120,1.0,1984
1850,2.0,1985
1260,1.0,1994
1530,1.0,1970
2960,2.0,2001
1690,1.0,1959
1650,1.0,1967
660,1.0,1952
3530,2.0,2013
1640,1.0,1946
1660,1.0,1991
930,1.0,1924
1680,1.0,1929
1140,1.0,1960
2330,1.5,1900
2880,1.0,1958
430,1.0,1912
1660,1.0,1988
3110,2.0,1983
2910,2.0,1914
1400,1.0,1979
1400,2.0,1975
1350,1.0,1968
2190,2.0,1995
2560,1.0,1959
1220,1.0,1955
2380,2.0,2002
2480,1.0,1948
1940,2.0,2009
1560,1.0,1923
1440,1.0,1952
1060,1.0,1987
1370,1.0,1988
3720,1.0,2007
1410,3.0,2005
2270,1.0,1995
1780,1.5,1926
1320,1.0,1995
670,1.0,1942
1910,2.0,1980
1110,1.0,1967
1720,2.0,1983
2750,2.0,2003
2350,1.0,1993
2980,2.0,2000
1890,1.5,1976
1620,2.0,1909
2100,2.0,1998
1930,2.0,1978
2830,2.0,1912
5470,2.0,1992
1140,1.0,1942
2090,2.0,1989
1420,1.5,1945
2406,2.0,2006
3180,1.0,1968
2340,2.0,1999
850,1.0,1903
2310,2.0,1997
2320,1.0,1956
2540,1.0,1959
4060,2.0,2002
1510,1.0,1967
1730,1.0,1941
2000,1.5,1931
1220,1.0,1947
3420,2.0,1952
3900,1.0,1972
3050,1.0,1956
1030,1.0,1952
910,1.0,2004
1820,2.0,1994
1700,1.0,1980
1500,1.0,1925
1780,2.0,1991
920,1.0,1962
1340,1.0,1966
1570,1.0,1981
1010,1.0,1952
2810,2.0,2001
2050,1.0,1987
2770,2.0,1989
900,1.0,1944
2560,2.0,1973
2230,2.0,2000
3050,2.0,2014
2880,1.0,1958
2400,2.0,2001
1510,1.0,2007
1540,2.0,1999
1110,3.0,2000
1850,2.0,1997
2206,1.0,1983
2930,1.0,1980
1390,1.0,1980
1340,1.0,1959
2520,1.0,1955
1780,1.0,1943
1560,1.0,1918
2420,1.0,1984
4150,1.0,1963
2380,1.0,1961
2160,1.5,1968
920,1.0,1963
3670,2.0,2008
1970,1.5,1904
1150,1.0,1962
2090,1.0,1958
1360,2.0,2004
2030,1.0,1988
1320,1.0,1953
2620,1.5,1911
2020,1.5,1936
3870,2.0,1991
2350,2.0,2003
1760,1.0,1998
2680,2.0,1990
2280,2.0,2006
1590,1.0,1978
2920,2.0,1913
1140,1.0,1954
3190,2.0,2006
1630,1.0,1947
4300,2.0,1979
1420,1.0,2004
3460,2.0,1950
3920,2.0,1996
1790,1.0,1960
2370,1.0,1949
2130,2.0,2011
860,1.5,1927
3610,2.0,2014
2753,1.0,1953
1290,3.0,2008
1850,1.0,1970
920,1.0,1950
3080,2.0,1997
2480,2.0,1998
1280,1.0,1994
1450,1.0,1924
1500,1.0,1958
1660,3.0,2014
1390,1.0,1908
1530,2.0,1998
1820,2.0,1999
1140,1.5,1920
4230,2.0,1949
3080,2.0,1900
2700,1.5,1948
1400,1.5,1941
1290,1.0,1952
1890,1.5,1950
1650,1.0,1968
1820,1.0,1988
1700,1.5,1965
3910,2.0,2006
2670,2.0,2002
2500,1.0,1959
1330,1.0,1900
2180,1.0,1961
2390,1.0,1977
1720,1.0,1969
1680,2.0,1991
2210,1.0,1958
2420,1.0,1958
4890,2.0,2014
1480,1.0,1943
1300,3.0,2005
1280,1.0,1968
2180,1.0,1954
1400,3.0,2007
4290,1.0,1997
1870,1.0,1959
1690,1.0,1960
1380,1.0,1919
2660,2.0,1937
1860,1.0,1961
3010,2.0,2005
3180,2.0,2014
1500,1.0,1942
1120,1.0,1946
1740,1.0,1976
2180,2.0,1980
2250,2.0,1988
1940,1.5,1944
3680,2.0,2003
1020,1.0,1961
1170,1.0,1947
1920,1.5,1931
1970,1.0,1978
1540,1.0,1997
1930,2.0,2014
1670,1.0,1963
1430,1.0,1961
2160,2.0,1996
2980,2.0,1998
830,2.0,2009
1300,1.0,1959
1200,1.0,1986
3420,1.0,1963
1150,3.0,2007
1350,1.0,2003
1800,1.0,1942
1680,1.0,2004
1220,1.0,1963
1680,1.0,1966
3740,2.0,2013
3040,2.0,1999
2650,1.5,1905
2560,2.0,1901
1860,1.0,1983
1370,1.0,1944
1610,2.0,2007
3280,2.0,2007
2200,2.0,1994
1720,2.0,1907
2283,2.0,2008
1000,1.0,1902
1290,1.0,1976
960,1.0,1949
1470,3.0,2006
850,1.0,1909
2510,2.0,1988
1358,3.0,2007
1220,1.0,1953
1860,2.0,1963
2240,1.0,1953
1010,1.0,1949
2701,2.0,2014
1020,3.0,2008
1440,1.0,1962
2490,2.0,1999
2940,2.0,1997
2840,2.0,1994
1860,1.0,1920
1540,1.5,1923
2160,1.0,1953
1100,1.0,1960
690,1.0,1949
1850,1.5,1922
1020,1.0,1959
3090,1.0,1968
3070,2.0,2005
1060,2.0,2005
2160,3.0,2010
770,1.0,1929
3400,2.0,2001
1730,1.0,1943
1160,1.0,1976
1520,1.0,1966
2200,1.0,1978
1830,2.0,2003
2740,2.0,1991
4420,2.0,2006
1940,1.5,1926
2150,1.0,1970
1880,1.0,1924
1150,1.0,1959
6380,2.0,2006
3940,2.0,2014
1930,2.0,1988
1440,1.0,2002
3620,2.0,1988
910,1.5,1900
2850,2.0,1987
4160,2.0,2014
2300,2.0,1978
2100,2.0,1990
1440,1.0,1978
1600,2.0,1991
2620,2.0,1977
2630,1.5,1984
1360,1.0,1987
1780,1.0,1951
4020,2.0,1989
2410,1.5,1911
2090,2.0,2006
3440,2.0,1979
1100,1.0,1947
1240,1.0,1960
1550,1.0,1941
2500,2.0,1966
2660,2.0,1996
1870,1.0,1978
2630,1.0,1959
4870,2.0,1983
4150,3.0,2014
1560,1.0,1989
1820,1.0,1926
2120,2.0,1993
2920,2.0,2004
1230,1.0,1962
1570,2.0,2001
1530,1.0,1974
1360,2.0,1978
3970,2.0,1979
2730,2.5,1976
2180,2.0,1945
1190,1.0,1951
2960,2.0,2006
1500,2.0,2005
2520,1.0,1962
2530,2.0,2001
1380,1.0,1987
4360,1.0,2000
1070,2.0,2009
4360,2.5,2007
2025,2.0,2007
1290,3.0,2007
990,1.0,1947
1770,3.0,1999
1608,2.0,2014
2250,1.0,1951
1520,1.0,1983
2590,1.0,1968
1940,1.0,1982
2530,1.0,1977
1690,2.0,2008
2910,2.0,2012
1790,1.0,1923
1100,1.0,1966
2980,1.5,1941
2700,2.0,1999
1030,1.0,1921
3550,2.0,1991
2220,1.5,1927
1980,2.0,1989
2588,2.0,2008
3290,2.0,2012
2320,1.5,1992
2110,1.0,1981
1960,1.0,1968
2590,2.0,1907
2210,2.0,2008
1950,1.0,1956
2420,2.0,1998
1800,1.0,1975
2870,2.0,1979
3330,2.0,2014
830,2.0,2006
1840,2.0,1993
2280,1.0,1977
1440,1.5,1929
1580,1.0,1955
2300,2.0,1980
2330,2.0,1988
3050,2.0,1926
1550,1.0,1953
3400,2.0,2009
2430,2.0,1987
1280,2.0,1918
3060,1.0,1967
2040,2.0,1985
2450,1.0,1978
1654,2.0,1995
1320,1.0,1979
2360,1.0,1940
2750,2.0,1993
2260,1.0,1948
1810,1.0,1954
4120,2.0,2005
3080,1.0,1969
2030,1.5,1975
1880,1.0,1951
1070,1.0,1949
1140,1.0,1925
3430,2.0,1998
1620,3.0,2008
2860,2.0,1982
1560,1.0,1944
2770,2.0,2002
1560,1.0,1974
1720,1.0,1986
1660,2.0,1974
1670,1.5,1925
1820,1.0,1955
2680,1.0,1963
3330,1.0,1976
3030,1.0,1980
1430,1.0,1981
2420,2.0,1997
2320,2.0,2004
2550,2.0,1988
2200,1.0,1962
1540,2.0,1900
2210,1.0,1963
1660,1.0,1945
3060,2.0,1994
3700,2.0,1948
1100,1.0,1943
1550,2.0,2001
2500,2.0,1990
1430,1.0,1962
4010,2.0,2003
1250,1.0,1964
1110,1.5,1912
1946,2.0,1990
2880,1.0,1925
1710,1.0,1981
2260,1.5,1995
2720,2.0,2008
1350,1.0,1944
1330,3.0,2004
1570,2.5,2007
2510,2.0,1988
2290,2.0,2001
1950,1.0,1969
820,1.0,1945
3220,2.0,1978
1451,1.0,2010
740,1.0,1928
2030,1.0,1977
1880,1.0,1976
1530,1.5,1912
4100,2.0,2014
780,1.0,1942
1180,2.0,1987
740,1.0,1947
1690,1.0,1984
2810,2.0,1974
2530,2.0,1998
2000,2.0,1979
1790,1.0,1964
1260,1.0,1987
1220,2.5,2008
720,1.0,1930
1150,1.0,1940
1130,1.0,1947
2860,1.0,1978
1008,1.0,1943
2040,2.0,1995
1660,1.5,1929
2630,2.0,1962
3430,1.5,1984
1030,1.0,1954
1360,1.0,1963
2000,2.0,1978
1790,1.0,1969
1020,3.0,2008
1640,1.5,1910
1960,1.0,1989
3110,2.0,1979
840,1.0,1919
1830,1.5,1951
4670,2.0,1988
2015,2.0,2007
2600,1.0,1969
2280,1.5,1911
1810,1.0,1959
2320,2.0,1982
1650,2.0,2013
2020,1.0,1969
1870,1.0,2005
820,1.0,1921
1120,1.0,1943
2480,2.0,1929
1230,1.0,1978
2140,1.0,1960
1550,2.0,2011
1470,2.0,1999
1060,1.0,1950
1800,1.0,1955
2100,1.0,1969
790,1.0,1953
4060,2.0,2007
3830,2.0,1995
1660,1.0,1983
1770,2.0,1992
2540,1.0,1942
2330,1.0,1977
4645,2.0,2006
2420,1.0,1978
1110,1.0,1964
1250,1.0,1965
1560,1.0,2002
960,1.0,1943
2190,1.0,1952
3000,2.0,1918
1870,2.0,1937
1240,1.0,1942
1870,2.0,1906
4190,2.0,2000
1130,1.0,1954
2860,2.0,1983
3090,2.0,1978
1131,3.0,2011
3980,2.0,2001
670,1.0,1948
1400,1.0,1962
1430,1.0,1992
1380,1.0,1954
2100,1.0,1962
1410,1.5,2011
1670,1.0,1954
1910,1.0,1955
2470,1.0,1954
3660,2.0,1994
1880,1.5,1902
2770,1.5,1984
3150,2.0,2000
2070,1.0,1963
2790,2.0,1999
1650,3.0,2010
2770,2.0,1989
2580,2.0,2002
2450,2.0,2000
2020,1.5,1938
1400,1.0,1948
1360,1.0,1981
1930,2.0,2014
2250,1.0,2005
2650,2.0,2014
2610,2.0,1998
1260,1.0,1968
2010,1.0,1955
1950,1.0,1952
1230,1.0,1963
1800,2.0,1999
4080,2.0,1983
1600,2.0,2000
2200,1.0,1971
2340,2.0,2004
1770,1.0,1978
960,1.0,1963
2630,2.0,2006
2240,2.0,2002
1370,1.0,1983
1490,1.0,1983
1010,1.0,1911
2230,1.0,1968
1410,1.0,1983
2470,1.5,1906
1350,1.0,1946
2070,2.0,1986
1560,1.5,1966
790,1.0,1944
4065,2.0,1987
2620,2.0,1977
1370,2.0,1993
2710,2.0,2007
2540,1.0,1937
2050,2.0,1992
2590,1.0,1968
1220,1.0,1969
2040,2.0,1997
1330,1.0,1971
1640,1.0,1912
2460,1.0,1968
1240,1.5,1910
2610,2.0,1946
2930,2.0,2013
1700,2.0,1931
1995,2.0,1957
3670,2.0,1964
1410,1.5,1930
1340,1.0,1921
1700,1.0,1967
3580,2.0,1999
2820,2.0,2013
2590,1.0,1963
2100,1.0,1948
1710,2.0,2014
3420,2.0,2010
1700,2.0,1992
2340,1.0,1929
1810,1.0,1926
1970,1.0,1977
2520,2.0,1994
1090,1.0,1942
1920,2.0,1995
810,1.0,1919
3890,2.0,1967
1820,1.0,1976
3320,2.0,1986
2020,2.0,1950
2020,2.0,1984
1340,1.0,1973
2850,1.0,1970
1200,3.0,2007
3090,2.0,1992
1610,1.0,1961
680,1.0,1947
1890,1.0,1973
910,1.0,1936
4500,2.0,1968
2130,1.0,1994
3030,2.0,1981
4883,2.0,2006
1350,1.0,2005
1540,1.0,1969
820,1.0,1953
2700,2.0,2004
2320,1.0,1956
2200,2.0,1904
2070,1.5,1940
2400,1.0,1958
1560,2.0,2003
2100,2.0,2006
910,1.0,1952
1890,1.0,1955
2410,2.0,2007
1580,1.0,1939
2140,1.0,1948
2000,2.0,1992
970,1.0,1956
2990,2.0,2002
1490,1.0,1969
1990,1.0,1964
2650,2.0,2012
1445,2.0,2005
2330,2.0,1983
3120,2.0,2007
2550,2.0,2002
2140,1.5,1978
2270,2.0,2003
2150,1.0,1976
2130,1.0,1948
1700,1.5,1931
1870,2.0,1996
790,1.0,1944
3060,1.0,1974
3220,2.0,1991
2590,2.0,1998
1430,1.5,1924
1830,2.0,1913
1020,1.0,1949
2420,2.0,1925
3100,1.0,1973
930,1.0,1951
2080,1.0,1939
1140,1.5,1932
3410,1.0,1968
1510,1.0,2006
2730,2.0,1992
2810,2.0,1910
1010,1.0,1925
1960,1.0,1988
3190,2.0,2007
960,2.0,2005
1550,2.0,2005
3220,2.0,1968
1930,2.0,1995
2220,2.0,1987
1670,1.0,1974
1780,2.0,1993
2610,2.0,1926
1980,2.0,1992
1960,1.0,1920
2150,2.0,1995
2500,1.0,1984
3630,2.0,1997
1400,1.0,1963
1760,1.0,1966
2390,2.0,1929
2040,2.0,1903
1570,1.0,1972
2350,2.0,1905
1010,1.0,1944
2540,1.5,1925
2290,1.0,1963
1130,1.0,1927
1890,2.0,2005
2080,1.0,1979
2230,1.0,1954
930,2.0,2007
1747,2.5,1948
2320,2.0,1980
3190,2.0,1988
720,1.0,1920
3010,2.0,1992
1200,1.0,1959
3260,2.0,2004
1560,1.5,1923
720,1.0,1943
2240,1.0,1952
1770,2.0,1992
1920,1.0,1919
1700,1.0,1954
2130,1.0,1953
1730,1.0,1976
1550,2.0,2000
2510,2.0,2001
2780,2.0,2013
2510,2.0,1981
1610,1.5,1948
2780,2.0,1978
2340,1.0,1975
3340,2.0,2002
3660,2.0,2014
6490,2.0,1991
3760,2.0,2004
1270,1.0,1942
1320,1.0,1959
4370,2.0,1990
2810,2.0,2014
1770,1.5,1946
2000,2.0,1996
2330,1.0,1968
1640,1.0,1937
1410,1.5,1927
2029,2.0,2014
1580,1.0,1942
1700,2.0,1994
3420,1.0,1951
1190,1.5,1904
1730,1.0,1924
1580,1.0,1953
1370,1.0,1982
1390,1.5,1954
2380,1.0,2008
3160,2.0,2003
5360,1.0,1971
1900,1.0,1962
1400,1.0,1964
900,1.0,1940
2320,1.0,1990
2510,2.0,2006
2950,1.5,2006
2050,2.0,1987
3670,1.5,1973
1230,1.0,1966
3940,1.5,1951
1000,1.0,1952
1380,1.5,1916
2510,2.0,1987
1770,1.0,1958
3880,2.0,2009
1370,1.0,1972
900,1.0,1938
1510,1.0,1967
1740,1.5,1949
1900,1.0,1970
2120,1.0,1979
2260,1.5,1928
2550,2.0,2005
1900,1.5,1977
2210,1.5,1916
1630,2.0,1919
1160,1.0,1940
2030,1.0,1969
2250,2.0,1975
1830,1.0,1958
1860,2.0,1994
3400,2.0,2014
1140,2.0,2014
2850,1.0,1989
1900,2.0,2014
1440,1.0,1983
1270,1.0,1964
1060,1.0,1923
1150,1.0,1956
2220,1.0,1951
2150,2.0,1991
1410,1.0,1980
1460,1.0,1959
2710,2.0,1998
1950,1.0,1987
2350,2.0,2014
1780,2.0,1987
1728,1.0,2012
1210,1.5,1924
1660,1.0,1906
2890,2.0,1981
1550,1.0,1918
1540,1.0,1980
1890,1.0,1976
2460,2.0,2005
2300,1.0,1979
2600,1.0,1960
2430,1.0,1963
2440,2.0,2006
2200,2.0,1987
1560,2.0,1980
4225,2.0,1985
1810,2.0,1994
1250,1.0,1980
2490,1.0,1961
2710,2.0,2014
2310,1.0,1994
1600,1.0,1999
1870,2.0,1956
1070,1.0,1994
2520,2.0,1925
1650,1.0,1950
1980,2.0,1984
2100,1.0,1968
3120,2.0,2008
2810,2.0,1982
2710,1.0,1959
1620,1.0,1951
1130,1.0,1965
1730,1.0,1988
1840,1.0,1967
2340,2.0,1997
1800,1.0,1968
1230,1.5,1963
1590,1.0,1979
720,1.0,1943
1980,1.0,1983
940,1.0,1926
2380,2.0,1992
2630,2.0,1996
1510,1.5,1906
1810,2.0,1998
1500,1.0,1920
2340,2.0,1925
1040,1.0,1969
2830,2.0,2010
3420,1.5,2014
4200,2.0,1996
1880,1.0,1974
1420,1.0,1990
2560,1.0,1979
1200,1.0,1941
1620,1.0,1961
1470,1.0,1963
1030,1.0,1944
1210,1.0,1952
680,1.0,1916
2000,2.0,1968
940,1.0,1954
5230,2.0,2014
2120,2.0,1985
2020,1.0,1960
2180,1.0,1949
1170,1.0,1911
1640,1.0,1978
2990,2.0,2014
1690,1.0,1943
2350,1.5,1979
2240,1.0,1956
3120,1.0,1978
3890,2.0,1996
1510,1.0,1974
3080,2.0,1993
1670,2.0,1995
1260,1.0,1946
1490,1.0,1940
1150,1.0,1950
1050,1.0,1959
3720,2.0,2004
2880,2.0,1988
1260,1.0,1959
670,1.0,1903
2490,2.0,2000
1910,1.0,1976
1280,1.0,1942
2770,2.0,1985
1400,1.0,1958
1950,1.0,1963
2290,1.0,2007
3150,2.0,2004
2240,1.5,1965
2080,1.5,2003
1750,1.5,1968
1600,1.5,1946
4940,1.0,1953
1800,1.0,1982
1180,1.0,1948
1820,1.0,1962
960,1.0,1960
1580,2.0,2004
1890,1.0,1980
3520,2.0,2012
1930,2.0,2014
2530,1.5,1925
1770,2.0,1977
960,1.0,1910
2290,1.0,1967
1640,1.0,1972
7320,2.0,1992
2730,2.0,2006
1780,1.0,1927
2990,2.0,1925
980,1.0,1969
1300,1.0,1920
2610,1.0,1920
2150,2.0,2013
1640,1.0,1981
1300,1.5,1904
1800,1.0,1945
3340,2.0,2005
3200,2.0,2006
2370,2.0,1981
1170,1.0,1965
3760,2.0,2002
2680,1.0,1967
4910,2.0,1989
1330,1.0,1976
3750,2.0,2005
2400,1.0,1962
3670,2.0,1986
4110,2.0,2002
1010,1.5,1919
2050,2.0,1959
1540,1.0,1953
1330,1.0,1950
1660,1.0,1922
3650,1.0,1975
1590,1.0,1951
4070,3.0,2002
2410,1.0,1974
2130,2.0,1988
1330,1.0,1924
1670,1.0,1976
2150,2.0,2005
2180,1.0,1962
940,1.0,1947
2170,1.0,1977
2432,2.0,2005
1020,1.5,1947
3660,2.5,1909
4560,1.0,1995
2181,2.0,2006
1700,1.0,1950
2210,2.0,2003
1880,1.0,1968
2840,2.0,1991
2300,2.0,1999
1800,1.5,1926
1350,1.0,1944
2830,2.0,2014
2415,2.0,1981
3240,2.0,1987
2460,1.0,1977
1720,1.5,1932
2460,2.0,1938
1850,2.0,1997
2170,2.0,2006
3070,1.0,1983
1670,1.0,1974
3880,2.0,2006
1899,2.0,1943
1450,1.0,1923
1430,1.0,1947
1430,1.0,1977
1920,1.0,1955
2520,1.0,1979
1860,1.0,1977
1840,2.0,1993
1540,1.0,1908
2100,1.0,1978
1190,1.0,1939
2050,1.5,1922
1760,1.0,1950
700,1.0,1941
1870,1.5,1928
2350,2.0,1994
1750,1.0,1914
1560,3.0,2014
1370,1.5,1926
1720,1.0,1959
1780,1.0,1925
2370,1.0,1979
1440,3.5,2005
2620,1.0,1948
2190,2.0,2004
2800,2.0,2001
1630,1.5,1915
2550,2.0,1992
1690,1.5,1928
1190,1.0,1995
1470,1.0,1967
1480,1.5,1938
1740,1.0,1965
3470,2.0,2005
2800,2.0,1985
1260,1.0,1925
3520,2.0,2001
2840,1.0,1975
1990,1.0,1968
1460,1.0,1961
3120,1.0,1954
2450,2.0,1990
5110,2.5,1906
1553,1.0,1900
2290,1.5,1928
2580,2.0,2015
1650,1.0,1977
1620,1.5,1928
1610,1.0,1977
4150,2.0,2003
2990,2.0,2007
2846,1.5,2000
1210,1.0,1976
1830,1.0,1962
2060,2.0,1984
2500,2.0,1990
2610,2.0,1997
1450,1.0,1976
1430,1.0,1934
2920,2.0,2014
5790,2.0,2014
2360,1.0,1974
3230,2.0,2004
2010,2.0,1985
2330,2.0,2004
1660,1.0,1979
4320,1.0,1967
2090,2.0,1983
2210,1.5,1909
2440,1.0,1970
1270,1.0,1954
1280,1.0,1962
1920,1.5,1923
1720,1.0,1995
2240,1.0,1968
1700,2.0,2010
1170,1.0,1969
1710,1.0,1968
1690,2.0,1984
4220,3.0,2012
950,1.0,1919
2240,2.0,1979
2590,1.0,1960
1870,2.0,2003
1280,1.5,1941
2040,1.0,1963
2520,1.0,1987
2350,2.0,1980
1050,1.0,1960
2420,1.0,1988
1760,2.0,1987
2230,1.0,1969
3270,2.0,1982
1070,1.0,1902
1850,2.0,1996
1250,1.0,1948
1440,2.0,2006
800,1.0,1944
990,1.0,1949
2060,2.0,2001
1340,1.0,1941
2120,1.0,1954
1320,1.0,1968
2880,2.0,1919
1830,1.0,1973
1520,1.0,1954
870,1.0,1969
1580,1.0,1977
860,1.0,1954
2440,2.0,1992
1680,1.5,1985
1840,1.0,1928
2270,1.0,1946
1740,1.0,1958
1840,1.0,1905
2460,1.0,1988
2310,1.5,1984
3190,1.0,1949
1660,1.0,1979
1270,1.0,1982
2250,1.0,1976
1900,1.0,1977
1900,1.0,1942
2490,2.0,1968
1580,2.0,1987
1170,1.5,1910
1010,1.0,1971
2030,2.0,1982
1150,1.0,1959
1760,2.0,1991
3010,2.0,2014
2000,1.0,1978
3920,2.0,2007
2410,2.0,1936
2473,2.0,1963
3410,1.0,1958
3000,1.0,1983
1800,1.5,1929
4040,1.5,1930
2440,2.0,1994
860,1.0,1949
1580,1.0,1910
1030,1.0,1918
1310,1.0,1972
1320,3.0,2009
1290,1.0,1948
3600,2.0,1976
3240,2.0,2007
3760,2.5,1910
2140,2.0,1990
2410,1.0,1956
1790,1.5,1985
3890,2.0,2007
1320,1.0,1914
3180,2.0,2007
2420,1.0,1984
1830,1.0,1959
2530,2.0,1985
780,1.0,1935
2430,2.0,2002
890,1.0,1947
1050,1.0,1942
3020,1.0,1978
2870,2.0,1960
1600,2.0,2005
1360,2.0,2006
1590,1.0,1954
6563,2.0,2002
2420,2.0,2003
2150,2.0,1991
1680,2.0,1988
2070,2.0,1988
3060,2.0,2012
2280,1.0,1957
1020,1.0,1959
1240,1.0,1974
2410,2.0,1910
1510,1.0,1969
1690,2.0,2008
4030,2.0,2006
2242,2.0,2012
1670,1.0,1977
1120,1.0,1957
5700,1.0,1977
2120,1.0,1956
2380,2.0,1997
2330,1.5,1925
1520,1.0,1951
1410,1.5,1900
1420,1.5,1904
1790,2.0,1993
1460,2.0,2000
890,1.0,1910
1530,1.0,1977
2300,2.0,1989
1250,1.0,1959
1400,1.5,1910
2170,2.0,2012
2550,1.0,1953
2780,2.0,1999
1370,1.0,1963
1220,2.0,1903
1830,2.0,1947
1550,1.0,1969
2110,2.0,2004
1220,1.5,1965
1600,1.0,1962
800,1.0,1940
1350,3.0,2006
2470,2.0,2009
1130,1.0,1956
4890,2.0,2004
1100,3.0,2008
1240,1.0,1948
2920,1.5,1911
3330,1.0,1969
1150,1.0,1943
1060,1.0,1959
4310,2.0,1988
930,1.0,1932
2690,3.0,2014
1610,1.0,1969
1140,1.0,1942
2980,2.0,2006
3180,1.0,1968
2820,2.0,1976
1300,2.0,2006
2680,2.0,1984
880,1.0,1924
2690,1.0,1957
1880,1.0,1977
1260,1.0,1979
2720,1.0,1957
1590,1.5,1925
2900,2.0,1969
1313,1.0,1904
2460,2.0,2003
2500,1.5,1968
2960,2.0,2009
2360,1.0,1939
910,1.0,1910
1300,1.5,1925
1710,2.0,2014
2100,2.0,1974
3340,2.0,2005
2010,1.0,1979
2460,2.0,2007
2110,1.0,1978
1040,1.0,1967
1450,2.0,2007
2423,2.0,2005
1250,1.0,1964
2100,2.0,1979
1840,2.0,2010
890,1.0,1923
1780,2.0,2001
1340,3.0,2009
2000,3.0,2005
1670,2.0,2008
1540,2.0,1973
880,1.0,1945
1700,1.0,1926
980,1.0,1955
790,1.0,1918
1860,1.0,1969
2580,1.0,1964
3180,2.0,2008
3200,2.0,2006
1360,1.0,1971
2440,1.5,1944
2210,1.0,1959
1030,1.0,1955
1630,1.0,1940
2680,2.0,1986
2930,2.0,2000
4133,2.0,2000
1920,2.0,2002
1470,1.0,1974
2030,1.0,1953
1700,2.0,1997
1830,1.5,1930
2000,2.0,1916
2230,2.0,2006
3940,2.0,1921
2145,1.5,1910
2270,1.0,1967
2100,2.0,1994
1590,3.0,2008
1080,1.0,1940
2850,2.0,2008
3530,2.0,2006
2440,2.0,2006
2730,1.5,1909
1650,1.5,1900
2170,2.0,2014
1940,2.0,2003
1390,2.0,1993
1580,1.0,1976
700,1.0,1953
2720,2.0,2003
1422,2.0,2012
2830,1.0,1979
1130,1.0,1944
1990,1.0,1946
2520,2.0,2005
1250,2.0,2010
1770,1.0,1959
3560,2.0,1987
1110,2.0,2007
1890,1.5,1915
1120,1.0,1966
2100,2.0,1983
830,1.0,1947
2760,2.0,2014
1810,2.0,1913
1740,2.0,2012
3310,2.0,1998
1460,2.0,1995
1890,1.0,1966
2550,2.0,2004
1340,1.0,1966
1730,1.0,1962
2170,1.0,1960
1590,1.5,1944
2180,1.5,1926
1640,2.0,1985
1970,2.0,1994
2190,1.0,1953
980,1.0,1950
2410,1.0,1958
1260,2.0,2008
1690,1.0,1967
2300,2.0,1997
3260,2.0,2003
910,1.0,1942
3840,1.0,1963
2000,2.0,2003
2970,2.0,1978
2680,2.0,1942
3720,2.5,1905
3860,2.0,2006
2240,2.0,1992
3640,2.0,1999
2050,2.0,1994
3680,1.5,1994
1530,2.0,2010
1380,1.0,1915
2410,1.5,1995
1760,1.0,1925
1520,1.0,1975
1280,1.0,1977
1320,1.0,1961
1710,1.0,1918
1790,1.5,1904
1410,2.0,2014
1300,1.0,1968
2840,2.0,2002
2550,1.0,1959
2500,1.0,1968
1495,3.0,2006
1380,1.0,1989
1850,1.0,1983
4290,2.0,2004
3320,1.0,1964
860,1.0,1947
4600,1.5,1918
2375,2.0,2002
1520,1.0,1955
3920,2.0,1997
1900,1.0,1948
1690,1.0,1955
1820,1.0,1967
2500,2.0,2013
1850,1.0,1968
1940,2.0,1990
2200,1.0,1959
1390,2.0,2006
1160,2.0,2012
6930,1.0,1950
1860,1.0,1956
3010,2.0,2004
1800,1.5,1958
4650,2.0,2008
1860,1.0,1963
1250,3.0,2008
1260,1.0,1952
2600,1.0,2004
1960,2.0,2003
1440,1.0,1966
2090,1.0,1992
1890,1.0,1973
1900,1.0,1959
3490,2.0,2012
1060,1.0,1981
1550,1.5,1958
1030,1.0,1963
1920,2.0,1997
1140,2.0,2001
1070,1.0,1917
4660,2.0,2003
1640,1.0,1926
1410,1.0,1923
930,1.0,1919
2600,2.0,2005
2550,1.0,1976
1850,1.0,1969
1710,3.0,2004
2410,1.0,1957
1740,1.0,1915
2310,1.0,1989
2710,1.5,1995
1510,1.0,1951
1710,1.0,1949
1240,1.0,1985
3570,2.0,2005
2040,1.0,1963
2210,2.0,1985
2390,2.0,2003
1090,1.0,1962
2120,1.0,1950
2860,2.0,1915
1350,1.0,1995
2090,1.0,1907
2200,1.0,1964
1740,2.0,1994
2760,2.0,1999
1340,1.0,2007
1990,1.0,1978
1601,3.0,2007
1470,1.0,1976
3130,2.0,1993
2300,2.0,2012
1700,1.0,1969
1360,1.5,1900
1430,3.0,2005
2010,2.0,2014
2420,2.0,2013
1160,1.0,1929
1150,1.0,1957
2100,2.0,2005
2770,1.5,1925
1510,1.0,1923
2630,2.0,1996
1020,1.0,1967
1830,2.0,1997
1940,2.0,1905
1320,1.0,1993
2750,2.0,2000
2010,2.0,1988
740,1.0,1926
1890,2.0,1987
1830,1.0,1958
2580,1.0,1953
2840,1.0,1974
2480,2.0,2004
2720,2.0,2015
1150,1.0,1954
3786,1.0,1978
1400,1.0,1964
2430,2.0,2010
2050,1.0,1950
1780,1.0,1944
1910,2.0,1988
1330,1.0,1998
1210,1.0,1952
2160,2.0,1982
2920,2.0,2004
3444,2.0,2014
2390,2.0,2000
1770,2.0,2001
3230,2.0,1998
902,1.0,1965
950,1.0,2009
2030,1.0,1966
1210,3.0,2014
3180,2.0,2001
2630,1.0,1976
1920,1.0,1977
2090,1.0,1949
1000,1.0,1916
3440,2.0,1994
1370,3.0,2009
1480,1.0,1914
1740,1.5,2002
1600,1.0,1978
2110,2.0,2000
2800,2.0,2014
1440,2.0,1990
4140,1.0,1977
1680,1.0,1949
2130,1.0,1968
2360,1.0,2014
1280,1.0,1926
3250,2.0,1951
1260,1.0,1972
610,1.0,1918
1320,1.5,1928
1450,1.0,1950
1120,1.0,1966
2500,2.0,2001
990,1.0,1948
4350,2.0,1972
3100,2.0,2011
3070,1.0,1976
1940,1.0,1963
1610,1.0,1973
3540,2.0,2007
2900,2.0,1993
2380,2.0,1984
3290,2.0,2008
1240,1.5,1904
2190,1.0,1977
1410,1.0,1939
910,1.0,1949
3320,2.0,1960
1530,1.5,1914
1780,2.0,1987
2630,2.0,2004
1230,1.0,1955
1330,1.0,1973
1580,1.0,1911
1230,2.0,1952
2940,2.0,1942
2390,2.0,1990
3230,2.0,2014
1090,1.0,1940
3270,2.0,1992
1070,1.0,1985
1900,1.0,1977
1490,1.0,1995
2120,2.0,1988
2440,1.0,1962
3260,2.0,2007
3670,1.0,1979
3030,2.0,1992
1050,1.0,1952
1710,2.0,2009
2220,2.0,1980
1350,1.0,1967
1850,2.0,1978
2240,1.0,1968
2700,1.0,1953
990,1.0,1966
2550,1.0,1959
1750,1.5,1926
2800,1.0,1957
1300,3.0,2008
1580,1.0,1945
2180,2.0,1990
1030,1.0,1950
1720,1.0,1967
2750,1.0,1958
2010,1.0,1977
3140,2.0,2004
2350,1.0,1989
1130,1.0,1941
2040,1.0,1958
3320,2.0,2012
1050,2.0,2007
2310,1.0,1993
1690,2.0,2004
2290,2.0,1986
3220,2.0,2003
1320,1.0,1959
1780,1.0,1956
1780,2.0,2007
970,1.0,1962
1300,2.0,1912
2163,2.0,2006
2780,2.0,2014
2080,1.0,1976
1200,1.0,1953
2230,1.5,1928
2430,2.0,2009
1730,2.0,1996
1000,3.0,2005
1510,3.0,2014
700,1.0,1949
2540,1.0,1962
3080,2.0,2014
2420,1.5,1919
1810,1.0,1967
3400,2.0,1900
3250,1.0,1973
3420,2.0,2002
1100,2.0,2006
2820,2.0,2006
1090,1.0,1987
2150,2.0,1921
2110,2.0,1979
1150,2.0,2013
720,1.0,1925
2330,1.0,1986
950,1.5,1948
4320,2.0,1938
1590,1.5,1938
1350,1.0,1976
2090,2.0,1989
1530,1.0,1948
740,1.0,1923
1830,1.0,1919
990,1.0,1959
2010,2.0,1951
2200,2.0,1990
3490,2.0,2007
2020,2.0,1954
2740,2.0,2001
3230,1.0,1964
2350,2.0,1924
1480,1.0,1958
2570,1.0,1961
2960,2.0,1985
1540,1.5,1935
1980,1.5,1906
2070,2.0,1977
1570,1.5,1931
4210,2.0,2006
1060,1.5,1968
1700,1.0,1977
2470,2.0,2012
3030,1.5,1992
2730,1.0,1996
3070,2.0,2011
2650,2.0,1989
1230,1.0,2010
2020,1.0,1968
3890,2.0,1984
2180,1.0,1968
2530,1.0,1966
1660,1.0,1970
2680,1.0,1958
1780,1.0,1951
1250,1.0,1956
1670,1.0,1953
2500,2.0,1905
2260,1.0,1985
1530,2.0,1942
1580,1.0,1967
1550,1.0,1976
1350,1.0,1947
1160,1.0,1930
3180,2.0,1990
2850,2.0,1905
2060,2.0,1995
2520,2.0,2014
2920,2.0,2007
2110,1.0,1962
3160,1.0,1942
980,2.0,2009
2180,1.0,1946
1140,1.0,1948
2610,2.0,1993
2190,2.0,2004
2730,2.0,2001
1460,1.0,1971
1400,2.0,2012
2140,1.0,1910
1470,2.0,2003
1150,1.5,1917
3380,2.0,2014
2760,2.0,1910
700,1.0,1945
2160,2.0,1977
770,1.0,1937
2310,2.0,1978
1680,2.0,2014
4560,1.0,1995
1640,1.0,1921
3510,2.5,1906
3100,2.0,2010
1310,1.0,1968
1820,1.0,1994
1220,3.0,2006
2540,2.0,2005
2517,2.0,2014
730,1.0,1911
3170,2.0,2008
1510,1.5,1976
910,1.0,1936
1080,1.0,1926
1260,3.0,2006
2010,1.5,1986
4020,2.0,2010
1160,1.0,1956
1480,2.0,1995
1310,1.0,1967
1960,1.0,1958
1020,2.0,2004
780,1.0,1928
5830,2.0,2005
1320,1.0,1942
3030,2.0,1987
2310,1.0,1980
1320,1.0,1988
2510,2.0,1969
1310,1.0,1970
1840,2.0,2005
3090,2.0,1959
2210,2.0,1914
1510,1.5,1920
2130,1.0,1975
2420,1.0,1972
3280,2.0,2003
2257,1.0,2005
1584,2.0,2012
2100,1.0,1967
2740,2.0,1973
2370,2.0,1969
370,1.0,1923
1500,1.5,1944
1210,2.0,2002
2540,1.0,1964
2010,2.0,1973
1660,1.0,1985
1550,1.5,1930
1030,1.0,1947
2050,2.0,1989
2480,2.0,1950
1660,1.0,1965
2820,2.0,2005
920,1.0,1960
1360,1.0,1968
1480,2.0,2007
4040,1.0,1954
900,1.0,1947
1100,1.0,1929
1850,1.0,1979
1830,2.0,1994
1550,1.5,1920
2130,2.0,2010
1930,1.0,1966
1250,1.0,1975
1360,1.0,1966
1340,1.0,1961
1860,1.0,1978
2790,2.0,2013
1730,2.0,1994
1660,1.0,1955
1890,1.0,1957
1440,1.0,1981
2080,2.0,1978
2230,1.0,1977
1380,1.0,1986
1360,2.0,1945
1350,1.0,1912
2560,2.0,2007
2290,1.0,1965
980,1.0,1956
1320,1.5,1918
2230,2.0,1960
2100,2.0,1985
1430,1.0,1978
930,1.0,1978
1530,2.0,2007
2830,1.0,1958
1820,1.0,1959
1530,1.5,1986
1160,1.0,1942
1080,1.0,1919
940,1.0,1916
2210,2.0,1994
1700,2.0,2004
4200,2.0,1933
4740,2.0,2006
1960,2.0,1908
4130,2.0,2004
1930,1.0,1971
2540,2.0,1991
2760,2.0,2014
1850,1.0,1960
1410,1.0,1947
1460,1.0,1924
1850,1.5,1900
3410,2.0,1993
2990,1.0,1977
1150,1.0,1954
1808,1.0,2005
3030,2.0,2006
2480,2.0,2004
1060,1.5,1943
1510,2.0,2001
1540,1.5,1930
1830,1.0,1977
1714,2.0,2010
2060,1.0,1924
2870,1.0,1951
1700,2.0,1926
2500,1.0,1954
1350,1.0,2004
2470,1.5,1948
1950,1.0,1957
5990,2.0,2002
2320,1.5,1905
2550,1.5,1926
670,1.0,1960
830,1.0,1943
2930,2.0,1913
2260,1.0,2003
1560,2.0,1923
1510,2.0,2007
2810,2.0,2005
2630,2.0,2013
2030,2.0,1988
1530,2.0,2014
2050,1.0,1956
2130,2.0,1976
1710,1.0,1983
1950,2.0,2012
1170,1.0,1913
2110,2.0,1977
1590,1.0,1961
2360,1.0,2000
2290,1.0,1960
2810,1.0,1978
1440,1.0,1963
1580,1.0,1944
1810,2.0,1999
1690,2.0,2014
3260,1.0,1968
1270,1.5,1917
1580,2.0,1921
830,1.0,1950
4320,2.0,1990
3990,2.0,2008
1530,2.5,2005
2150,2.0,1995
1690,2.0,2005
3680,2.0,1936
2600,1.0,1951
2740,1.0,1954
1970,1.0,1983
2390,2.0,1999
4480,2.0,2003
1300,1.0,1945
2260,1.5,1910
1660,1.5,1915
750,1.0,1943
1470,1.5,1945
1970,1.0,1960
1370,2.0,1993
1390,1.0,1922
3670,1.0,1983
2230,2.0,2014
2990,2.0,2000
1150,1.0,1957
1930,1.0,1973
1300,1.0,1980
1210,1.0,1949
970,1.0,1926
1840,2.0,2012
2480,2.0,2002
1800,1.0,1987
2360,1.0,1929
2110,1.0,1985
1430,1.5,1947
1880,1.0,1976
1790,1.0,1969
1880,2.0,1993
1710,1.0,1947
1330,1.0,1954
1780,2.0,2006
3040,2.0,2008
3580,2.5,1991
1260,2.0,2003
2210,1.5,1912
1970,1.5,1929
940,1.0,1942
5330,2.0,2000
1740,1.0,1967
2150,1.0,1955
1080,1.0,1985
800,1.0,1918
1550,2.0,2001
1490,2.0,2011
2290,2.0,1958
2630,2.0,2001
2560,1.0,1980
2090,1.5,1927
2160,1.0,1965
960,1.0,1952
2110,1.5,1930
2350,2.0,1968
4270,2.0,2014
2100,1.0,1990
770,1.0,1918
2990,2.0,2014
1490,1.0,1967
2460,2.0,2007
1450,1.0,1967
2220,1.5,1932
2990,2.0,2014
2660,2.0,1910
770,1.0,1933
2040,1.5,1924
2100,1.0,1955
4120,1.0,1999
1780,1.0,1976
2810,1.0,1962
970,1.0,1939
3720,1.0,1960
1150,1.0,1958
1600,2.0,2006
2519,2.0,1973
3860,2.0,1984
1700,1.0,1956
1970,2.0,1990
2090,2.0,1987
4040,2.0,2004
2540,2.0,1999
1510,1.0,1968
1640,1.0,1977
2100,1.0,1955
900,1.0,1969
1940,1.0,1979
2803,1.0,1963
2080,1.0,1984
1580,1.0,1968
2870,1.5,1946
1600,1.5,1939
2550,2.0,1907
1970,1.5,1963
2650,2.0,1994
2160,1.0,1978
1620,1.5,1918
1830,1.5,1929
1190,1.0,1948
1220,1.5,1970
1850,2.5,2014
1380,2.0,2008
1900,1.0,2004
2710,1.0,1976
1460,2.0,1970
1870,1.0,1920
3740,1.0,1951
1830,1.0,1958
2220,1.5,1922
900,1.0,1947
1870,1.0,1943
1620,2.0,1953
1290,3.0,2007
2240,2.0,2002
1430,2.0,2010
1320,1.5,1929
2570,1.0,1983
2690,1.0,1978
710,1.0,1950
1910,2.0,1999
1950,1.0,1979
3220,2.0,2000
1550,3.0,2004
1260,1.0,1983
1010,1.0,1924
1509,3.0,2014
2650,2.0,1959
1940,2.0,1962
1490,2.0,1948
2020,2.0,1995
1130,1.0,1952
2020,1.0,1969
830,1.0,1943
2780,2.0,2005
1560,2.0,2002
1160,1.0,1953
1340,1.0,1968
2070,2.0,1977
1770,1.0,1990
1290,3.0,2001
3630,2.0,1999
1730,1.0,1962
2360,1.0,1977
2090,2.0,1986
870,1.0,1937
3281,2.0,2014
1950,2.0,1990
1250,1.5,1939
2650,2.0,1993
1960,2.0,1973
2990,2.0,2000
1720,1.0,1974
2730,2.0,2009
1890,1.0,1949
2830,2.0,1991
1090,1.0,1922
2060,2.0,1989
2090,2.0,2005
1560,1.0,1968
4440,1.0,1959
1290,1.0,1983
2980,2.0,2005
1320,2.0,2003
1900,2.0,2005
2400,2.0,1985
1970,1.0,1985
1430,1.0,1953
1810,2.0,1976
3780,1.5,1986
2850,1.0,1962
2710,2.0,1919
1440,1.5,1929
